,yyyymmdd,lat,long,station_id,acton_id,station_name,elevation,wteq_amt,wteq_med,wteq_amt_pct_med,prec_wytd_amt,prec_wytd_avg,prec_wytd_pctavg,big_and_little_lost_basins,big_and_little_wood_basins,bitterroot,chelan_entiat_wenatchee,clearwater_and_salmon,columbia_above_methow,deschutes_crooked_john_day,flathead_river_basin,grand_ronde_powder_burnt_imnaha,henrys_fork_teton_willow_blackfoot_portneuf,idaho_panhandle_region,kootenai_river_in_montana,lewis_cowlitz,lower_clark_fork_river_basin,lower_columbia_hood_river,owyhee_malheur,raft_goose_salmon_falls_bruneau,snake_above_palisades,umatilla_walla_walla_willow,upper_clark_fork_river_basin,weiser_payette_boise,white_green_cedar_skykomish_snoqualmi_baker_skagit,willamette,yakima_ahtanum
0,2011-02-10,47.35,-120.6833333,352,20B02S,Blewett Pass,4240,7.2,12.9,56.0,20.5,22.1,93.0,0,0,0,1,0,0,0,0,0,0,0,0,0,0,0,0,0,0,0,0,0,0,0,0
1,2011-02-10,48.2,-120.9166667,606,20A23S,Lyman Lake,5980,37.9,43.0,88.0,44.8,46.7,96.0,0,0,0,1,0,0,0,0,0,0,0,0,0,0,0,0,0,0,0,0,0,0,0,0
2,2011-02-10,42.0166667,-115.0,871,15G02S,Wilson Creek,7120,10.7,9.9,108.0,16.6,11.6,143.0,0,0,0,1,0,0,0,0,0,0,0,0,0,0,0,0,0,0,0,0,0,0,0,0
3,2011-02-10,48.45,-120.9166667,681,20A12S,Park Creek Ridge,4600,25.5,33.0,77.0,44.4,43.4,102.0,0,0,0,1,0,0,0,0,0,0,0,0,0,0,0,0,0,0,0,0,0,0,0,0
4,2011-02-10,47.9833333,-120.5666667,699,20B24S,Pope Ridge,3590,10.6,14.5,73.0,21.7,22.3,97.0,0,0,0,1,0,0,0,0,0,0,0,0,0,0,0,0,0,0,0,0,0,0,0,0
5,2011-02-10,47.75,-121.1,791,21B01S,Stevens Pass,3950,19.1,29.6,65.0,56.3,55.1,102.0,0,0,0,1,0,0,0,0,0,0,0,0,0,0,0,0,0,0,0,0,0,0,0,0
6,2011-02-10,47.2333333,-120.3,832,20B25S,Trough,5480,6.9,8.1,85.0,15.6,15.2,103.0,0,0,0,1,0,0,0,0,0,0,0,0,0,0,0,0,0,0,0,0,0,0,0,0
7,2011-02-10,47.2833333,-120.3666667,841,20B07S,Upper Wheeler,4330,6.7,9.7,69.0,14.9,15.2,98.0,0,0,0,1,0,0,0,0,0,0,0,0,0,0,0,0,0,0,0,0,0,0,0,0
8,2012-02-10,47.35,-120.6833333,352,20B02S,Blewett Pass,4240,13.1,12.9,102.0,19.0,22.1,86.0,0,0,0,1,0,0,0,0,0,0,0,0,0,0,0,0,0,0,0,0,0,0,0,0
9,2012-02-10,48.2,-120.9166667,606,20A23S,Lyman Lake,5980,41.0,43.0,95.0,41.7,46.7,89.0,0,0,0,1,0,0,0,0,0,0,0,0,0,0,0,0,0,0,0,0,0,0,0,0
10,2012-02-10,42.0166667,-115.0,871,15G02S,Wilson Creek,7120,5.1,9.9,52.0,8.3,11.6,72.0,0,0,0,1,0,0,0,0,0,0,0,0,0,0,0,0,0,0,0,0,0,0,0,0
11,2012-02-10,48.45,-120.9166667,681,20A12S,Park Creek Ridge,4600,36.5,33.0,111.0,42.9,43.4,99.0,0,0,0,1,0,0,0,0,0,0,0,0,0,0,0,0,0,0,0,0,0,0,0,0
12,2012-02-10,47.9833333,-120.5666667,699,20B24S,Pope Ridge,3590,15.8,14.5,109.0,20.2,22.3,91.0,0,0,0,1,0,0,0,0,0,0,0,0,0,0,0,0,0,0,0,0,0,0,0,0
13,2012-02-10,47.75,-121.1,791,21B01S,Stevens Pass,3950,28.3,29.6,96.0,52.1,55.1,95.0,0,0,0,1,0,0,0,0,0,0,0,0,0,0,0,0,0,0,0,0,0,0,0,0
14,2012-02-10,47.2333333,-120.3,832,20B25S,Trough,5480,7.8,8.1,96.0,12.3,15.2,81.0,0,0,0,1,0,0,0,0,0,0,0,0,0,0,0,0,0,0,0,0,0,0,0,0
15,2012-02-10,47.2833333,-120.3666667,841,20B07S,Upper Wheeler,4330,6.9,9.7,71.0,11.7,15.2,77.0,0,0,0,1,0,0,0,0,0,0,0,0,0,0,0,0,0,0,0,0,0,0,0,0
16,2013-02-10,47.35,-120.6833333,352,20B02S,Blewett Pass,4240,10.2,12.9,79.0,19.4,22.1,88.0,0,0,0,1,0,0,0,0,0,0,0,0,0,0,0,0,0,0,0,0,0,0,0,0
17,2013-02-10,48.2,-120.9166667,606,20A23S,Lyman Lake,5980,42.1,43.0,98.0,51.7,46.7,111.0,0,0,0,1,0,0,0,0,0,0,0,0,0,0,0,0,0,0,0,0,0,0,0,0
18,2013-02-10,42.0166667,-115.0,871,15G02S,Wilson Creek,7120,10.0,9.9,101.0,12.4,11.6,107.0,0,0,0,1,0,0,0,0,0,0,0,0,0,0,0,0,0,0,0,0,0,0,0,0
19,2013-02-10,48.45,-120.9166667,681,20A12S,Park Creek Ridge,4600,36.4,33.0,110.0,46.9,43.4,108.0,0,0,0,1,0,0,0,0,0,0,0,0,0,0,0,0,0,0,0,0,0,0,0,0
20,2013-02-10,47.9833333,-120.5666667,699,20B24S,Pope Ridge,3590,13.3,14.5,92.0,23.0,22.3,103.0,0,0,0,1,0,0,0,0,0,0,0,0,0,0,0,0,0,0,0,0,0,0,0,0
21,2013-02-10,47.75,-121.1,791,21B01S,Stevens Pass,3950,27.7,29.6,94.0,52.4,55.1,95.0,0,0,0,1,0,0,0,0,0,0,0,0,0,0,0,0,0,0,0,0,0,0,0,0
22,2013-02-10,47.2333333,-120.3,832,20B25S,Trough,5480,7.6,8.1,94.0,16.8,15.2,111.0,0,0,0,1,0,0,0,0,0,0,0,0,0,0,0,0,0,0,0,0,0,0,0,0
23,2013-02-10,47.2833333,-120.3666667,841,20B07S,Upper Wheeler,4330,6.7,9.7,69.0,15.1,15.2,99.0,0,0,0,1,0,0,0,0,0,0,0,0,0,0,0,0,0,0,0,0,0,0,0,0
24,2014-02-10,47.35,-120.6833333,352,20B02S,Blewett Pass,4240,4.7,12.9,36.0,11.1,22.1,50.0,0,0,0,1,0,0,0,0,0,0,0,0,0,0,0,0,0,0,0,0,0,0,0,0
25,2014-02-10,48.2,-120.9166667,606,20A23S,Lyman Lake,5980,24.2,43.0,56.0,25.2,46.7,54.0,0,0,0,1,0,0,0,0,0,0,0,0,0,0,0,0,0,0,0,0,0,0,0,0
26,2014-02-10,42.0166667,-115.0,871,15G02S,Wilson Creek,7120,7.0,9.9,71.0,9.5,11.6,82.0,0,0,0,1,0,0,0,0,0,0,0,0,0,0,0,0,0,0,0,0,0,0,0,0
27,2014-02-10,48.45,-120.9166667,681,20A12S,Park Creek Ridge,4600,15.6,33.0,47.0,21.2,43.4,49.0,0,0,0,1,0,0,0,0,0,0,0,0,0,0,0,0,0,0,0,0,0,0,0,0
28,2014-02-10,47.9833333,-120.5666667,699,20B24S,Pope Ridge,3590,5.2,14.5,36.0,9.3,22.3,42.0,0,0,0,1,0,0,0,0,0,0,0,0,0,0,0,0,0,0,0,0,0,0,0,0
29,2014-02-10,47.75,-121.1,791,21B01S,Stevens Pass,3950,17.1,29.6,58.0,39.0,55.1,71.0,0,0,0,1,0,0,0,0,0,0,0,0,0,0,0,0,0,0,0,0,0,0,0,0
30,2014-02-10,47.2333333,-120.3,832,20B25S,Trough,5480,6.4,8.1,79.0,9.8,15.2,64.0,0,0,0,1,0,0,0,0,0,0,0,0,0,0,0,0,0,0,0,0,0,0,0,0
31,2014-02-10,47.2833333,-120.3666667,841,20B07S,Upper Wheeler,4330,4.5,9.7,46.0,8.4,15.2,55.0,0,0,0,1,0,0,0,0,0,0,0,0,0,0,0,0,0,0,0,0,0,0,0,0
32,2015-02-10,47.35,-120.6833333,352,20B02S,Blewett Pass,4240,4.2,12.9,33.0,20.3,22.1,92.0,0,0,0,1,0,0,0,0,0,0,0,0,0,0,0,0,0,0,0,0,0,0,0,0
33,2015-02-10,48.2,-120.9166667,606,20A23S,Lyman Lake,5980,37.3,43.0,87.0,51.9,46.7,111.0,0,0,0,1,0,0,0,0,0,0,0,0,0,0,0,0,0,0,0,0,0,0,0,0
34,2015-02-10,42.0166667,-115.0,871,15G02S,Wilson Creek,7120,9.5,9.9,96.0,14.5,11.6,125.0,0,0,0,1,0,0,0,0,0,0,0,0,0,0,0,0,0,0,0,0,0,0,0,0
35,2015-02-10,48.45,-120.9166667,681,20A12S,Park Creek Ridge,4600,22.5,33.0,68.0,48.6,43.4,112.0,0,0,0,1,0,0,0,0,0,0,0,0,0,0,0,0,0,0,0,0,0,0,0,0
36,2015-02-10,47.9833333,-120.5666667,699,20B24S,Pope Ridge,3590,10.9,14.5,75.0,25.7,22.3,115.0,0,0,0,1,0,0,0,0,0,0,0,0,0,0,0,0,0,0,0,0,0,0,0,0
37,2015-02-10,47.75,-121.1,791,21B01S,Stevens Pass,3950,12.7,29.6,43.0,56.3,55.1,102.0,0,0,0,1,0,0,0,0,0,0,0,0,0,0,0,0,0,0,0,0,0,0,0,0
38,2015-02-10,47.2333333,-120.3,832,20B25S,Trough,5480,4.7,8.1,58.0,17.2,15.2,113.0,0,0,0,1,0,0,0,0,0,0,0,0,0,0,0,0,0,0,0,0,0,0,0,0
39,2015-02-10,47.2833333,-120.3666667,841,20B07S,Upper Wheeler,4330,6.1,9.7,63.0,19.3,15.2,127.0,0,0,0,1,0,0,0,0,0,0,0,0,0,0,0,0,0,0,0,0,0,0,0,0
40,2016-02-10,47.35,-120.6833333,352,20B02S,Blewett Pass,4240,14.6,12.9,113.0,31.3,22.1,142.0,0,0,0,1,0,0,0,0,0,0,0,0,0,0,0,0,0,0,0,0,0,0,0,0
41,2016-02-10,48.2,-120.9166667,606,20A23S,Lyman Lake,5980,45.6,43.0,106.0,57.4,46.7,123.0,0,0,0,1,0,0,0,0,0,0,0,0,0,0,0,0,0,0,0,0,0,0,0,0
42,2016-02-10,42.0166667,-115.0,871,15G02S,Wilson Creek,7120,14.6,9.9,147.0,19.2,11.6,166.0,0,0,0,1,0,0,0,0,0,0,0,0,0,0,0,0,0,0,0,0,0,0,0,0
43,2016-02-10,48.45,-120.9166667,681,20A12S,Park Creek Ridge,4600,39.9,33.0,121.0,55.9,43.4,129.0,0,0,0,1,0,0,0,0,0,0,0,0,0,0,0,0,0,0,0,0,0,0,0,0
44,2016-02-10,47.9833333,-120.5666667,699,20B24S,Pope Ridge,3590,14.8,14.5,102.0,33.6,22.3,151.0,0,0,0,1,0,0,0,0,0,0,0,0,0,0,0,0,0,0,0,0,0,0,0,0
45,2016-02-10,47.75,-121.1,791,21B01S,Stevens Pass,3950,23.2,29.6,78.0,71.0,55.1,129.0,0,0,0,1,0,0,0,0,0,0,0,0,0,0,0,0,0,0,0,0,0,0,0,0
46,2016-02-10,47.2333333,-120.3,832,20B25S,Trough,5480,14.1,8.1,174.0,20.7,15.2,136.0,0,0,0,1,0,0,0,0,0,0,0,0,0,0,0,0,0,0,0,0,0,0,0,0
47,2016-02-10,47.2833333,-120.3666667,841,20B07S,Upper Wheeler,4330,11.5,9.7,119.0,20.9,15.2,138.0,0,0,0,1,0,0,0,0,0,0,0,0,0,0,0,0,0,0,0,0,0,0,0,0
48,2017-02-10,47.35,-120.6833333,352,20B02S,Blewett Pass,4240,12.4,12.9,96.0,21.1,22.1,95.0,0,0,0,1,0,0,0,0,0,0,0,0,0,0,0,0,0,0,0,0,0,0,0,0
49,2017-02-10,48.2,-120.9166667,606,20A23S,Lyman Lake,5980,44.2,43.0,103.0,53.1,46.7,114.0,0,0,0,1,0,0,0,0,0,0,0,0,0,0,0,0,0,0,0,0,0,0,0,0
50,2017-02-10,42.0166667,-115.0,871,15G02S,Wilson Creek,7120,11.1,9.9,112.0,14.3,11.6,123.0,0,0,0,1,0,0,0,0,0,0,0,0,0,0,0,0,0,0,0,0,0,0,0,0
51,2017-02-10,48.45,-120.9166667,681,20A12S,Park Creek Ridge,4600,29.9,33.0,91.0,45.6,43.4,105.0,0,0,0,1,0,0,0,0,0,0,0,0,0,0,0,0,0,0,0,0,0,0,0,0
52,2017-02-10,47.9833333,-120.5666667,699,20B24S,Pope Ridge,3590,13.4,14.5,92.0,25.9,22.3,116.0,0,0,0,1,0,0,0,0,0,0,0,0,0,0,0,0,0,0,0,0,0,0,0,0
53,2017-02-10,47.75,-121.1,791,21B01S,Stevens Pass,3950,24.0,29.6,81.0,52.9,55.1,96.0,0,0,0,1,0,0,0,0,0,0,0,0,0,0,0,0,0,0,0,0,0,0,0,0
54,2017-02-10,47.2333333,-120.3,832,20B25S,Trough,5480,11.7,8.1,144.0,20.1,15.2,132.0,0,0,0,1,0,0,0,0,0,0,0,0,0,0,0,0,0,0,0,0,0,0,0,0
55,2017-02-10,47.2833333,-120.3666667,841,20B07S,Upper Wheeler,4330,10.5,9.7,108.0,21.3,15.2,140.0,0,0,0,1,0,0,0,0,0,0,0,0,0,0,0,0,0,0,0,0,0,0,0,0
56,2018-02-10,47.35,-120.6833333,352,20B02S,Blewett Pass,4240,8.7,12.9,67.0,22.6,22.1,102.0,0,0,0,1,0,0,0,0,0,0,0,0,0,0,0,0,0,0,0,0,0,0,0,0
57,2018-02-10,48.2,-120.9166667,606,20A23S,Lyman Lake,5980,44.5,43.0,103.0,55.1,46.7,118.0,0,0,0,1,0,0,0,0,0,0,0,0,0,0,0,0,0,0,0,0,0,0,0,0
58,2018-02-10,42.0166667,-115.0,871,15G02S,Wilson Creek,7120,4.4,9.9,44.0,9.7,11.6,84.0,0,0,0,1,0,0,0,0,0,0,0,0,0,0,0,0,0,0,0,0,0,0,0,0
59,2018-02-10,48.45,-120.9166667,681,20A12S,Park Creek Ridge,4600,35.7,33.0,108.0,54.4,43.4,125.0,0,0,0,1,0,0,0,0,0,0,0,0,0,0,0,0,0,0,0,0,0,0,0,0
60,2018-02-10,47.9833333,-120.5666667,699,20B24S,Pope Ridge,3590,12.3,14.5,85.0,26.1,22.3,117.0,0,0,0,1,0,0,0,0,0,0,0,0,0,0,0,0,0,0,0,0,0,0,0,0
61,2018-02-10,47.75,-121.1,791,21B01S,Stevens Pass,3950,32.8,29.6,111.0,61.9,55.1,112.0,0,0,0,1,0,0,0,0,0,0,0,0,0,0,0,0,0,0,0,0,0,0,0,0
62,2018-02-10,47.2333333,-120.3,832,20B25S,Trough,5480,9.5,8.1,117.0,17.5,15.2,115.0,0,0,0,1,0,0,0,0,0,0,0,0,0,0,0,0,0,0,0,0,0,0,0,0
63,2018-02-10,47.2833333,-120.3666667,841,20B07S,Upper Wheeler,4330,7.4,9.7,76.0,18.3,15.2,120.0,0,0,0,1,0,0,0,0,0,0,0,0,0,0,0,0,0,0,0,0,0,0,0,0
64,2019-02-10,47.35,-120.6833333,352,20B02S,Blewett Pass,4240,12.6,12.9,98.0,20.3,22.1,92.0,0,0,0,1,0,0,0,0,0,0,0,0,0,0,0,0,0,0,0,0,0,0,0,0
65,2019-02-10,48.2,-120.9166667,606,20A23S,Lyman Lake,5980,34.4,43.0,80.0,41.2,46.7,88.0,0,0,0,1,0,0,0,0,0,0,0,0,0,0,0,0,0,0,0,0,0,0,0,0
66,2019-02-10,42.0166667,-115.0,871,15G02S,Wilson Creek,7120,11.3,9.9,114.0,15.8,11.6,136.0,0,0,0,1,0,0,0,0,0,0,0,0,0,0,0,0,0,0,0,0,0,0,0,0
67,2019-02-10,48.45,-120.9166667,681,20A12S,Park Creek Ridge,4600,30.1,33.0,91.0,40.3,43.4,93.0,0,0,0,1,0,0,0,0,0,0,0,0,0,0,0,0,0,0,0,0,0,0,0,0
68,2019-02-10,47.9833333,-120.5666667,699,20B24S,Pope Ridge,3590,11.2,14.5,77.0,17.3,22.3,78.0,0,0,0,1,0,0,0,0,0,0,0,0,0,0,0,0,0,0,0,0,0,0,0,0
69,2019-02-10,47.75,-121.1,791,21B01S,Stevens Pass,3950,24.6,29.6,83.0,53.2,55.1,97.0,0,0,0,1,0,0,0,0,0,0,0,0,0,0,0,0,0,0,0,0,0,0,0,0
70,2019-02-10,47.2333333,-120.3,832,20B25S,Trough,5480,10.0,8.1,123.0,14.8,15.2,97.0,0,0,0,1,0,0,0,0,0,0,0,0,0,0,0,0,0,0,0,0,0,0,0,0
71,2019-02-10,47.2833333,-120.3666667,841,20B07S,Upper Wheeler,4330,9.3,9.7,96.0,14.2,15.2,93.0,0,0,0,1,0,0,0,0,0,0,0,0,0,0,0,0,0,0,0,0,0,0,0,0
72,2020-02-10,47.35,-120.6833333,352,20B02S,Blewett Pass,4240,10.0,12.9,78.0,21.5,22.1,97.0,0,0,0,1,0,0,0,0,0,0,0,0,0,0,0,0,0,0,0,0,0,0,0,0
73,2020-02-10,48.2,-120.9166667,606,20A23S,Lyman Lake,5980,43.0,43.0,100.0,46.4,46.7,99.0,0,0,0,1,0,0,0,0,0,0,0,0,0,0,0,0,0,0,0,0,0,0,0,0
74,2020-02-10,42.0166667,-115.0,871,15G02S,Wilson Creek,7120,11.0,9.9,111.0,11.9,11.6,103.0,0,0,0,1,0,0,0,0,0,0,0,0,0,0,0,0,0,0,0,0,0,0,0,0
75,2020-02-10,48.45,-120.9166667,681,20A12S,Park Creek Ridge,4600,36.0,33.0,109.0,46.6,43.4,107.0,0,0,0,1,0,0,0,0,0,0,0,0,0,0,0,0,0,0,0,0,0,0,0,0
76,2020-02-10,47.9833333,-120.5666667,699,20B24S,Pope Ridge,3590,11.6,14.5,80.0,21.0,22.3,94.0,0,0,0,1,0,0,0,0,0,0,0,0,0,0,0,0,0,0,0,0,0,0,0,0
77,2020-02-10,47.75,-121.1,791,21B01S,Stevens Pass,3950,39.5,29.6,133.0,69.3,55.1,126.0,0,0,0,1,0,0,0,0,0,0,0,0,0,0,0,0,0,0,0,0,0,0,0,0
78,2020-02-10,47.2333333,-120.3,832,20B25S,Trough,5480,7.5,8.1,93.0,12.5,15.2,82.0,0,0,0,1,0,0,0,0,0,0,0,0,0,0,0,0,0,0,0,0,0,0,0,0
79,2020-02-10,47.2833333,-120.3666667,841,20B07S,Upper Wheeler,4330,7.1,9.7,73.0,12.2,15.2,80.0,0,0,0,1,0,0,0,0,0,0,0,0,0,0,0,0,0,0,0,0,0,0,0,0
80,2021-02-10,47.35,-120.6833333,352,20B02S,Blewett Pass,4240,10.6,12.9,82.0,21.9,22.1,99.0,0,0,0,1,0,0,0,0,0,0,0,0,0,0,0,0,0,0,0,0,0,0,0,0
81,2021-02-10,48.2,-120.9166667,606,20A23S,Lyman Lake,5980,41.8,43.0,97.0,43.6,46.7,93.0,0,0,0,1,0,0,0,0,0,0,0,0,0,0,0,0,0,0,0,0,0,0,0,0
82,2021-02-10,42.0166667,-115.0,871,15G02S,Wilson Creek,7120,6.3,9.9,64.0,8.2,11.6,71.0,0,0,0,1,0,0,0,0,0,0,0,0,0,0,0,0,0,0,0,0,0,0,0,0
83,2021-02-10,48.45,-120.9166667,681,20A12S,Park Creek Ridge,4600,39.4,33.0,119.0,48.2,43.4,111.0,0,0,0,1,0,0,0,0,0,0,0,0,0,0,0,0,0,0,0,0,0,0,0,0
84,2021-02-10,47.9833333,-120.5666667,699,20B24S,Pope Ridge,3590,17.5,14.5,121.0,24.6,22.3,110.0,0,0,0,1,0,0,0,0,0,0,0,0,0,0,0,0,0,0,0,0,0,0,0,0
85,2021-02-10,47.75,-121.1,791,21B01S,Stevens Pass,3950,34.0,29.6,115.0,57.0,55.1,103.0,0,0,0,1,0,0,0,0,0,0,0,0,0,0,0,0,0,0,0,0,0,0,0,0
86,2021-02-10,47.2333333,-120.3,832,20B25S,Trough,5480,8.7,8.1,107.0,16.3,15.2,107.0,0,0,0,1,0,0,0,0,0,0,0,0,0,0,0,0,0,0,0,0,0,0,0,0
87,2021-02-10,47.2833333,-120.3666667,841,20B07S,Upper Wheeler,4330,8.2,9.7,85.0,16.3,15.2,107.0,0,0,0,1,0,0,0,0,0,0,0,0,0,0,0,0,0,0,0,0,0,0,0,0
88,1990-02-10,47.2833333,-120.3666667,841,20B07S,Upper Wheeler,4330,6.8,9.7,70.0,14.5,15.2,95.0,0,0,0,1,0,0,0,0,0,0,0,0,0,0,0,0,0,0,0,0,0,0,0,0
89,1990-02-10,47.75,-121.1,791,21B01S,Stevens Pass,3950,44.4,29.6,150.0,67.2,55.1,122.0,0,0,0,1,0,0,0,0,0,0,0,0,0,0,0,0,0,0,0,0,0,0,0,0
90,1990-02-10,47.9833333,-120.5666667,699,20B24S,Pope Ridge,3590,14.5,14.5,100.0,22.2,22.3,100.0,0,0,0,1,0,0,0,0,0,0,0,0,0,0,0,0,0,0,0,0,0,0,0,0
91,1990-02-10,48.45,-120.9166667,681,20A12S,Park Creek Ridge,4600,41.8,33.0,127.0,51.3,43.4,118.0,0,0,0,1,0,0,0,0,0,0,0,0,0,0,0,0,0,0,0,0,0,0,0,0
92,1990-02-10,42.0166667,-115.0,871,15G02S,Wilson Creek,7120,14.65,9.9,103.0,19.4,11.6,97.5,0,0,0,1,0,0,0,0,0,0,0,0,0,0,0,0,0,0,0,0,0,0,0,0
93,1990-02-10,48.2,-120.9166667,606,20A23S,Lyman Lake,5980,54.6,43.0,127.0,47.7,46.7,102.0,0,0,0,1,0,0,0,0,0,0,0,0,0,0,0,0,0,0,0,0,0,0,0,0
94,1990-02-10,47.35,-120.6833333,352,20B02S,Blewett Pass,4240,17.1,12.9,133.0,25.4,22.1,115.0,0,0,0,1,0,0,0,0,0,0,0,0,0,0,0,0,0,0,0,0,0,0,0,0
95,1990-02-10,47.2333333,-120.3,832,20B25S,Trough,5480,3.4,8.1,42.0,13.3,15.2,88.0,0,0,0,1,0,0,0,0,0,0,0,0,0,0,0,0,0,0,0,0,0,0,0,0
96,1991-02-10,47.35,-120.6833333,352,20B02S,Blewett Pass,4240,7.4,12.9,57.0,28.8,22.1,130.0,0,0,0,1,0,0,0,0,0,0,0,0,0,0,0,0,0,0,0,0,0,0,0,0
97,1991-02-10,48.2,-120.9166667,606,20A23S,Lyman Lake,5980,71.6,43.0,167.0,75.2,46.7,161.0,0,0,0,1,0,0,0,0,0,0,0,0,0,0,0,0,0,0,0,0,0,0,0,0
98,1991-02-10,42.0166667,-115.0,871,15G02S,Wilson Creek,7120,7.5,9.9,76.0,9.1,11.6,78.0,0,0,0,1,0,0,0,0,0,0,0,0,0,0,0,0,0,0,0,0,0,0,0,0
99,1991-02-10,48.45,-120.9166667,681,20A12S,Park Creek Ridge,4600,49.2,33.0,149.0,66.0,43.4,152.0,0,0,0,1,0,0,0,0,0,0,0,0,0,0,0,0,0,0,0,0,0,0,0,0
100,1991-02-10,47.9833333,-120.5666667,699,20B24S,Pope Ridge,3590,11.1,14.5,77.0,33.5,22.3,150.0,0,0,0,1,0,0,0,0,0,0,0,0,0,0,0,0,0,0,0,0,0,0,0,0
101,1991-02-10,47.75,-121.1,791,21B01S,Stevens Pass,3950,33.5,29.6,113.0,91.8,55.1,167.0,0,0,0,1,0,0,0,0,0,0,0,0,0,0,0,0,0,0,0,0,0,0,0,0
102,1991-02-10,47.2333333,-120.3,832,20B25S,Trough,5480,3.0,8.1,37.0,9.2,15.2,61.0,0,0,0,1,0,0,0,0,0,0,0,0,0,0,0,0,0,0,0,0,0,0,0,0
103,1991-02-10,47.2833333,-120.3666667,841,20B07S,Upper Wheeler,4330,7.0,9.7,72.0,13.0,15.2,86.0,0,0,0,1,0,0,0,0,0,0,0,0,0,0,0,0,0,0,0,0,0,0,0,0
104,1992-02-10,47.2833333,-120.3666667,841,20B07S,Upper Wheeler,4330,7.4,9.7,76.0,10.4,15.2,68.0,0,0,0,1,0,0,0,0,0,0,0,0,0,0,0,0,0,0,0,0,0,0,0,0
105,1992-02-10,47.75,-121.1,791,21B01S,Stevens Pass,3950,29.0,29.6,98.0,56.0,55.1,102.0,0,0,0,1,0,0,0,0,0,0,0,0,0,0,0,0,0,0,0,0,0,0,0,0
106,1992-02-10,47.9833333,-120.5666667,699,20B24S,Pope Ridge,3590,14.4,14.5,99.0,18.9,22.3,85.0,0,0,0,1,0,0,0,0,0,0,0,0,0,0,0,0,0,0,0,0,0,0,0,0
107,1992-02-10,48.45,-120.9166667,681,20A12S,Park Creek Ridge,4600,42.2,33.0,128.0,43.4,43.4,100.0,0,0,0,1,0,0,0,0,0,0,0,0,0,0,0,0,0,0,0,0,0,0,0,0
108,1992-02-10,42.0166667,-115.0,871,15G02S,Wilson Creek,7120,6.9,9.9,70.0,10.2,11.6,88.0,0,0,0,1,0,0,0,0,0,0,0,0,0,0,0,0,0,0,0,0,0,0,0,0
109,1992-02-10,48.2,-120.9166667,606,20A23S,Lyman Lake,5980,49.1,43.0,114.0,34.9,46.7,75.0,0,0,0,1,0,0,0,0,0,0,0,0,0,0,0,0,0,0,0,0,0,0,0,0
110,1992-02-10,47.2333333,-120.3,832,20B25S,Trough,5480,5.5,8.1,68.0,9.3,15.2,61.0,0,0,0,1,0,0,0,0,0,0,0,0,0,0,0,0,0,0,0,0,0,0,0,0
111,1992-02-10,47.35,-120.6833333,352,20B02S,Blewett Pass,4240,8.5,12.9,66.0,16.8,22.1,76.0,0,0,0,1,0,0,0,0,0,0,0,0,0,0,0,0,0,0,0,0,0,0,0,0
112,1993-02-10,47.35,-120.6833333,352,20B02S,Blewett Pass,4240,11.5,12.9,89.0,15.0,22.1,68.0,0,0,0,1,0,0,0,0,0,0,0,0,0,0,0,0,0,0,0,0,0,0,0,0
113,1993-02-10,48.2,-120.9166667,606,20A23S,Lyman Lake,5980,27.9,43.0,65.0,28.3,46.7,61.0,0,0,0,1,0,0,0,0,0,0,0,0,0,0,0,0,0,0,0,0,0,0,0,0
114,1993-02-10,42.0166667,-115.0,871,15G02S,Wilson Creek,7120,11.5,9.9,116.0,13.3,11.6,115.0,0,0,0,1,0,0,0,0,0,0,0,0,0,0,0,0,0,0,0,0,0,0,0,0
115,1993-02-10,48.45,-120.9166667,681,20A12S,Park Creek Ridge,4600,24.8,33.0,75.0,29.1,43.4,67.0,0,0,0,1,0,0,0,0,0,0,0,0,0,0,0,0,0,0,0,0,0,0,0,0
116,1993-02-10,47.9833333,-120.5666667,699,20B24S,Pope Ridge,3590,11.0,14.5,76.0,13.5,22.3,61.0,0,0,0,1,0,0,0,0,0,0,0,0,0,0,0,0,0,0,0,0,0,0,0,0
117,1993-02-10,47.75,-121.1,791,21B01S,Stevens Pass,3950,28.4,29.6,96.0,40.1,55.1,73.0,0,0,0,1,0,0,0,0,0,0,0,0,0,0,0,0,0,0,0,0,0,0,0,0
118,1993-02-10,47.2333333,-120.3,832,20B25S,Trough,5480,8.1,8.1,100.0,10.7,15.2,70.0,0,0,0,1,0,0,0,0,0,0,0,0,0,0,0,0,0,0,0,0,0,0,0,0
119,1993-02-10,47.2833333,-120.3666667,841,20B07S,Upper Wheeler,4330,10.5,9.7,108.0,10.6,15.2,70.0,0,0,0,1,0,0,0,0,0,0,0,0,0,0,0,0,0,0,0,0,0,0,0,0
120,1994-02-10,47.2833333,-120.3666667,841,20B07S,Upper Wheeler,4330,6.4,9.7,66.0,7.9,15.2,52.0,0,0,0,1,0,0,0,0,0,0,0,0,0,0,0,0,0,0,0,0,0,0,0,0
121,1994-02-10,47.2333333,-120.3,832,20B25S,Trough,5480,7.4,8.1,91.0,7.9,15.2,52.0,0,0,0,1,0,0,0,0,0,0,0,0,0,0,0,0,0,0,0,0,0,0,0,0
122,1994-02-10,47.9833333,-120.5666667,699,20B24S,Pope Ridge,3590,10.1,14.5,70.0,12.1,22.3,54.0,0,0,0,1,0,0,0,0,0,0,0,0,0,0,0,0,0,0,0,0,0,0,0,0
123,1994-02-10,48.45,-120.9166667,681,20A12S,Park Creek Ridge,4600,15.8,33.0,48.0,27.8,43.4,64.0,0,0,0,1,0,0,0,0,0,0,0,0,0,0,0,0,0,0,0,0,0,0,0,0
124,1994-02-10,42.0166667,-115.0,871,15G02S,Wilson Creek,7120,5.7,9.9,58.0,7.2,11.6,62.0,0,0,0,1,0,0,0,0,0,0,0,0,0,0,0,0,0,0,0,0,0,0,0,0
125,1994-02-10,48.2,-120.9166667,606,20A23S,Lyman Lake,5980,27.9,43.0,65.0,27.7,46.7,59.0,0,0,0,1,0,0,0,0,0,0,0,0,0,0,0,0,0,0,0,0,0,0,0,0
126,1994-02-10,47.35,-120.6833333,352,20B02S,Blewett Pass,4240,8.8,12.9,68.0,13.4,22.1,61.0,0,0,0,1,0,0,0,0,0,0,0,0,0,0,0,0,0,0,0,0,0,0,0,0
127,1994-02-10,47.75,-121.1,791,21B01S,Stevens Pass,3950,21.3,29.6,72.0,33.5,55.1,61.0,0,0,0,1,0,0,0,0,0,0,0,0,0,0,0,0,0,0,0,0,0,0,0,0
128,1995-02-10,47.2833333,-120.3666667,841,20B07S,Upper Wheeler,4330,12.9,9.7,133.0,20.8,15.2,137.0,0,0,0,1,0,0,0,0,0,0,0,0,0,0,0,0,0,0,0,0,0,0,0,0
129,1995-02-10,47.2333333,-120.3,832,20B25S,Trough,5480,14.5,8.1,179.0,18.2,15.2,120.0,0,0,0,1,0,0,0,0,0,0,0,0,0,0,0,0,0,0,0,0,0,0,0,0
130,1995-02-10,47.9833333,-120.5666667,699,20B24S,Pope Ridge,3590,21.2,14.5,146.0,32.2,22.3,144.0,0,0,0,1,0,0,0,0,0,0,0,0,0,0,0,0,0,0,0,0,0,0,0,0
131,1995-02-10,48.45,-120.9166667,681,20A12S,Park Creek Ridge,4600,30.9,33.0,94.0,46.4,43.4,107.0,0,0,0,1,0,0,0,0,0,0,0,0,0,0,0,0,0,0,0,0,0,0,0,0
132,1995-02-10,42.0166667,-115.0,871,15G02S,Wilson Creek,7120,8.8,9.9,89.0,10.9,11.6,94.0,0,0,0,1,0,0,0,0,0,0,0,0,0,0,0,0,0,0,0,0,0,0,0,0
133,1995-02-10,48.2,-120.9166667,606,20A23S,Lyman Lake,5980,56.0,43.0,130.0,49.3,46.7,106.0,0,0,0,1,0,0,0,0,0,0,0,0,0,0,0,0,0,0,0,0,0,0,0,0
134,1995-02-10,47.35,-120.6833333,352,20B02S,Blewett Pass,4240,16.5,12.9,128.0,27.2,22.1,123.0,0,0,0,1,0,0,0,0,0,0,0,0,0,0,0,0,0,0,0,0,0,0,0,0
135,1995-02-10,47.75,-121.1,791,21B01S,Stevens Pass,3950,35.2,29.6,119.0,62.8,55.1,114.0,0,0,0,1,0,0,0,0,0,0,0,0,0,0,0,0,0,0,0,0,0,0,0,0
136,1996-02-10,47.35,-120.6833333,352,20B02S,Blewett Pass,4240,11.9,12.9,92.0,36.5,22.1,165.0,0,0,0,1,0,0,0,0,0,0,0,0,0,0,0,0,0,0,0,0,0,0,0,0
137,1996-02-10,48.2,-120.9166667,606,20A23S,Lyman Lake,5980,54.8,43.0,127.0,68.7,46.7,147.0,0,0,0,1,0,0,0,0,0,0,0,0,0,0,0,0,0,0,0,0,0,0,0,0
138,1996-02-10,42.0166667,-115.0,871,15G02S,Wilson Creek,7120,11.2,9.9,113.0,16.5,11.6,142.0,0,0,0,1,0,0,0,0,0,0,0,0,0,0,0,0,0,0,0,0,0,0,0,0
139,1996-02-10,48.45,-120.9166667,681,20A12S,Park Creek Ridge,4600,45.6,33.0,138.0,45.9,43.4,106.0,0,0,0,1,0,0,0,0,0,0,0,0,0,0,0,0,0,0,0,0,0,0,0,0
140,1996-02-10,47.9833333,-120.5666667,699,20B24S,Pope Ridge,3590,22.2,14.5,153.0,39.1,22.3,175.0,0,0,0,1,0,0,0,0,0,0,0,0,0,0,0,0,0,0,0,0,0,0,0,0
141,1996-02-10,47.75,-121.1,791,21B01S,Stevens Pass,3950,28.6,29.6,97.0,94.6,55.1,172.0,0,0,0,1,0,0,0,0,0,0,0,0,0,0,0,0,0,0,0,0,0,0,0,0
142,1996-02-10,47.2333333,-120.3,832,20B25S,Trough,5480,7.6,8.1,94.0,17.9,15.2,118.0,0,0,0,1,0,0,0,0,0,0,0,0,0,0,0,0,0,0,0,0,0,0,0,0
143,1996-02-10,47.2833333,-120.3666667,841,20B07S,Upper Wheeler,4330,10.7,9.7,110.0,22.8,15.2,150.0,0,0,0,1,0,0,0,0,0,0,0,0,0,0,0,0,0,0,0,0,0,0,0,0
144,1997-02-10,47.35,-120.6833333,352,20B02S,Blewett Pass,4240,17.9,12.9,139.0,26.9,22.1,122.0,0,0,0,1,0,0,0,0,0,0,0,0,0,0,0,0,0,0,0,0,0,0,0,0
145,1997-02-10,48.2,-120.9166667,606,20A23S,Lyman Lake,5980,56.7,43.0,132.0,55.7,46.7,119.0,0,0,0,1,0,0,0,0,0,0,0,0,0,0,0,0,0,0,0,0,0,0,0,0
146,1997-02-10,42.0166667,-115.0,871,15G02S,Wilson Creek,7120,14.5,9.9,146.0,15.6,11.6,134.0,0,0,0,1,0,0,0,0,0,0,0,0,0,0,0,0,0,0,0,0,0,0,0,0
147,1997-02-10,48.45,-120.9166667,681,20A12S,Park Creek Ridge,4600,53.7,33.0,163.0,58.4,43.4,135.0,0,0,0,1,0,0,0,0,0,0,0,0,0,0,0,0,0,0,0,0,0,0,0,0
148,1997-02-10,47.9833333,-120.5666667,699,20B24S,Pope Ridge,3590,24.7,14.5,170.0,28.3,22.3,127.0,0,0,0,1,0,0,0,0,0,0,0,0,0,0,0,0,0,0,0,0,0,0,0,0
149,1997-02-10,47.75,-121.1,791,21B01S,Stevens Pass,3950,47.8,29.6,161.0,70.3,55.1,128.0,0,0,0,1,0,0,0,0,0,0,0,0,0,0,0,0,0,0,0,0,0,0,0,0
150,1997-02-10,47.2333333,-120.3,832,20B25S,Trough,5480,11.9,8.1,147.0,17.7,15.2,116.0,0,0,0,1,0,0,0,0,0,0,0,0,0,0,0,0,0,0,0,0,0,0,0,0
151,1997-02-10,47.2833333,-120.3666667,841,20B07S,Upper Wheeler,4330,12.2,9.7,126.0,18.2,15.2,120.0,0,0,0,1,0,0,0,0,0,0,0,0,0,0,0,0,0,0,0,0,0,0,0,0
152,1998-02-10,47.2833333,-120.3666667,841,20B07S,Upper Wheeler,4330,11.1,9.7,114.0,17.6,15.2,116.0,0,0,0,1,0,0,0,0,0,0,0,0,0,0,0,0,0,0,0,0,0,0,0,0
153,1998-02-10,47.2333333,-120.3,832,20B25S,Trough,5480,10.3,8.1,127.0,24.6,15.2,162.0,0,0,0,1,0,0,0,0,0,0,0,0,0,0,0,0,0,0,0,0,0,0,0,0
154,1998-02-10,47.9833333,-120.5666667,699,20B24S,Pope Ridge,3590,16.5,14.5,114.0,22.9,22.3,103.0,0,0,0,1,0,0,0,0,0,0,0,0,0,0,0,0,0,0,0,0,0,0,0,0
155,1998-02-10,48.45,-120.9166667,681,20A12S,Park Creek Ridge,4600,34.7,33.0,105.0,44.0,43.4,101.0,0,0,0,1,0,0,0,0,0,0,0,0,0,0,0,0,0,0,0,0,0,0,0,0
156,1998-02-10,42.0166667,-115.0,871,15G02S,Wilson Creek,7120,8.1,9.9,82.0,8.6,11.6,74.0,0,0,0,1,0,0,0,0,0,0,0,0,0,0,0,0,0,0,0,0,0,0,0,0
157,1998-02-10,48.2,-120.9166667,606,20A23S,Lyman Lake,5980,49.3,43.0,115.0,49.3,46.7,106.0,0,0,0,1,0,0,0,0,0,0,0,0,0,0,0,0,0,0,0,0,0,0,0,0
158,1998-02-10,47.35,-120.6833333,352,20B02S,Blewett Pass,4240,13.2,12.9,102.0,20.2,22.1,91.0,0,0,0,1,0,0,0,0,0,0,0,0,0,0,0,0,0,0,0,0,0,0,0,0
159,1998-02-10,47.75,-121.1,791,21B01S,Stevens Pass,3950,27.9,29.6,94.0,52.9,55.1,96.0,0,0,0,1,0,0,0,0,0,0,0,0,0,0,0,0,0,0,0,0,0,0,0,0
160,1999-02-10,47.2833333,-120.3666667,841,20B07S,Upper Wheeler,4330,13.9,9.7,143.0,22.0,15.2,145.0,0,0,0,1,0,0,0,0,0,0,0,0,0,0,0,0,0,0,0,0,0,0,0,0
161,1999-02-10,47.2333333,-120.3,832,20B25S,Trough,5480,10.9,8.1,135.0,22.1,15.2,145.0,0,0,0,1,0,0,0,0,0,0,0,0,0,0,0,0,0,0,0,0,0,0,0,0
162,1999-02-10,47.9833333,-120.5666667,699,20B24S,Pope Ridge,3590,22.7,14.5,157.0,31.7,22.3,142.0,0,0,0,1,0,0,0,0,0,0,0,0,0,0,0,0,0,0,0,0,0,0,0,0
163,1999-02-10,48.45,-120.9166667,681,20A12S,Park Creek Ridge,4600,54.6,33.0,165.0,62.7,43.4,144.0,0,0,0,1,0,0,0,0,0,0,0,0,0,0,0,0,0,0,0,0,0,0,0,0
164,1999-02-10,42.0166667,-115.0,871,15G02S,Wilson Creek,7120,10.9,9.9,110.0,11.8,11.6,102.0,0,0,0,1,0,0,0,0,0,0,0,0,0,0,0,0,0,0,0,0,0,0,0,0
165,1999-02-10,48.2,-120.9166667,606,20A23S,Lyman Lake,5980,67.8,43.0,158.0,72.0,46.7,154.0,0,0,0,1,0,0,0,0,0,0,0,0,0,0,0,0,0,0,0,0,0,0,0,0
166,1999-02-10,47.35,-120.6833333,352,20B02S,Blewett Pass,4240,14.8,12.9,115.0,33.1,22.1,150.0,0,0,0,1,0,0,0,0,0,0,0,0,0,0,0,0,0,0,0,0,0,0,0,0
167,1999-02-10,47.75,-121.1,791,21B01S,Stevens Pass,3950,44.5,29.6,150.0,75.4,55.1,137.0,0,0,0,1,0,0,0,0,0,0,0,0,0,0,0,0,0,0,0,0,0,0,0,0
168,2009-02-10,47.35,-120.6833333,352,20B02S,Blewett Pass,4240,8.6,12.9,67.0,24.9,22.1,113.0,0,0,0,1,0,0,0,0,0,0,0,0,0,0,0,0,0,0,0,0,0,0,0,0
169,2009-02-10,48.2,-120.9166667,606,20A23S,Lyman Lake,5980,30.5,43.0,71.0,33.7,46.7,72.0,0,0,0,1,0,0,0,0,0,0,0,0,0,0,0,0,0,0,0,0,0,0,0,0
170,2009-02-10,42.0166667,-115.0,871,15G02S,Wilson Creek,7120,11.6,9.9,117.0,14.8,11.6,128.0,0,0,0,1,0,0,0,0,0,0,0,0,0,0,0,0,0,0,0,0,0,0,0,0
171,2009-02-10,48.45,-120.9166667,681,20A12S,Park Creek Ridge,4600,20.1,33.0,61.0,36.6,43.4,84.0,0,0,0,1,0,0,0,0,0,0,0,0,0,0,0,0,0,0,0,0,0,0,0,0
172,2009-02-10,47.9833333,-120.5666667,699,20B24S,Pope Ridge,3590,9.3,14.5,64.0,20.9,22.3,94.0,0,0,0,1,0,0,0,0,0,0,0,0,0,0,0,0,0,0,0,0,0,0,0,0
173,2009-02-10,47.75,-121.1,791,21B01S,Stevens Pass,3950,21.7,29.6,73.0,56.3,55.1,102.0,0,0,0,1,0,0,0,0,0,0,0,0,0,0,0,0,0,0,0,0,0,0,0,0
174,2009-02-10,47.2333333,-120.3,832,20B25S,Trough,5480,4.0,8.1,49.0,11.9,15.2,78.0,0,0,0,1,0,0,0,0,0,0,0,0,0,0,0,0,0,0,0,0,0,0,0,0
175,2009-02-10,47.2833333,-120.3666667,841,20B07S,Upper Wheeler,4330,6.3,9.7,65.0,13.0,15.2,86.0,0,0,0,1,0,0,0,0,0,0,0,0,0,0,0,0,0,0,0,0,0,0,0,0
176,2000-02-10,47.35,-120.6833333,352,20B02S,Blewett Pass,4240,11.8,12.9,91.0,24.2,22.1,110.0,0,0,0,1,0,0,0,0,0,0,0,0,0,0,0,0,0,0,0,0,0,0,0,0
177,2000-02-10,48.2,-120.9166667,606,20A23S,Lyman Lake,5980,48.6,43.0,113.0,52.8,46.7,113.0,0,0,0,1,0,0,0,0,0,0,0,0,0,0,0,0,0,0,0,0,0,0,0,0
178,2000-02-10,42.0166667,-115.0,871,15G02S,Wilson Creek,7120,9.7,9.9,98.0,9.7,11.6,84.0,0,0,0,1,0,0,0,0,0,0,0,0,0,0,0,0,0,0,0,0,0,0,0,0
179,2000-02-10,48.45,-120.9166667,681,20A12S,Park Creek Ridge,4600,36.4,33.0,110.0,50.1,43.4,115.0,0,0,0,1,0,0,0,0,0,0,0,0,0,0,0,0,0,0,0,0,0,0,0,0
180,2000-02-10,47.9833333,-120.5666667,699,20B24S,Pope Ridge,3590,14.5,14.5,100.0,25.0,22.3,112.0,0,0,0,1,0,0,0,0,0,0,0,0,0,0,0,0,0,0,0,0,0,0,0,0
181,2000-02-10,47.75,-121.1,791,21B01S,Stevens Pass,3950,33.0,29.6,111.0,61.5,55.1,112.0,0,0,0,1,0,0,0,0,0,0,0,0,0,0,0,0,0,0,0,0,0,0,0,0
182,2000-02-10,47.2333333,-120.3,832,20B25S,Trough,5480,8.3,8.1,102.0,14.8,15.2,97.0,0,0,0,1,0,0,0,0,0,0,0,0,0,0,0,0,0,0,0,0,0,0,0,0
183,2000-02-10,47.2833333,-120.3666667,841,20B07S,Upper Wheeler,4330,8.6,9.7,89.0,15.2,15.2,100.0,0,0,0,1,0,0,0,0,0,0,0,0,0,0,0,0,0,0,0,0,0,0,0,0
184,2008-02-10,47.35,-120.6833333,352,20B02S,Blewett Pass,4240,20.6,12.9,160.0,24.1,22.1,109.0,0,0,0,1,0,0,0,0,0,0,0,0,0,0,0,0,0,0,0,0,0,0,0,0
185,2008-02-10,48.2,-120.9166667,606,20A23S,Lyman Lake,5980,42.1,43.0,98.0,50.3,46.7,108.0,0,0,0,1,0,0,0,0,0,0,0,0,0,0,0,0,0,0,0,0,0,0,0,0
186,2008-02-10,42.0166667,-115.0,871,15G02S,Wilson Creek,7120,11.8,9.9,119.0,13.9,11.6,120.0,0,0,0,1,0,0,0,0,0,0,0,0,0,0,0,0,0,0,0,0,0,0,0,0
187,2008-02-10,48.45,-120.9166667,681,20A12S,Park Creek Ridge,4600,44.8,33.0,136.0,50.2,43.4,116.0,0,0,0,1,0,0,0,0,0,0,0,0,0,0,0,0,0,0,0,0,0,0,0,0
188,2008-02-10,47.9833333,-120.5666667,699,20B24S,Pope Ridge,3590,18.5,14.5,128.0,26.0,22.3,117.0,0,0,0,1,0,0,0,0,0,0,0,0,0,0,0,0,0,0,0,0,0,0,0,0
189,2008-02-10,47.75,-121.1,791,21B01S,Stevens Pass,3950,38.6,29.6,130.0,61.5,55.1,112.0,0,0,0,1,0,0,0,0,0,0,0,0,0,0,0,0,0,0,0,0,0,0,0,0
190,2008-02-10,47.2333333,-120.3,832,20B25S,Trough,5480,4.2,8.1,52.0,16.6,15.2,109.0,0,0,0,1,0,0,0,0,0,0,0,0,0,0,0,0,0,0,0,0,0,0,0,0
191,2008-02-10,47.2833333,-120.3666667,841,20B07S,Upper Wheeler,4330,11.7,9.7,121.0,15.4,15.2,101.0,0,0,0,1,0,0,0,0,0,0,0,0,0,0,0,0,0,0,0,0,0,0,0,0
192,2007-02-10,47.35,-120.6833333,352,20B02S,Blewett Pass,4240,18.1,12.9,140.0,29.9,22.1,135.0,0,0,0,1,0,0,0,0,0,0,0,0,0,0,0,0,0,0,0,0,0,0,0,0
193,2007-02-10,48.2,-120.9166667,606,20A23S,Lyman Lake,5980,47.8,43.0,111.0,57.2,46.7,122.0,0,0,0,1,0,0,0,0,0,0,0,0,0,0,0,0,0,0,0,0,0,0,0,0
194,2007-02-10,42.0166667,-115.0,871,15G02S,Wilson Creek,7120,7.1,9.9,72.0,11.6,11.6,100.0,0,0,0,1,0,0,0,0,0,0,0,0,0,0,0,0,0,0,0,0,0,0,0,0
195,2007-02-10,48.45,-120.9166667,681,20A12S,Park Creek Ridge,4600,46.4,33.0,141.0,58.8,43.4,135.0,0,0,0,1,0,0,0,0,0,0,0,0,0,0,0,0,0,0,0,0,0,0,0,0
196,2007-02-10,47.9833333,-120.5666667,699,20B24S,Pope Ridge,3590,17.1,14.5,118.0,29.7,22.3,133.0,0,0,0,1,0,0,0,0,0,0,0,0,0,0,0,0,0,0,0,0,0,0,0,0
197,2007-02-10,47.75,-121.1,791,21B01S,Stevens Pass,3950,31.4,29.6,106.0,58.0,55.1,105.0,0,0,0,1,0,0,0,0,0,0,0,0,0,0,0,0,0,0,0,0,0,0,0,0
198,2007-02-10,47.2333333,-120.3,832,20B25S,Trough,5480,8.2,8.1,101.0,19.2,15.2,126.0,0,0,0,1,0,0,0,0,0,0,0,0,0,0,0,0,0,0,0,0,0,0,0,0
199,2007-02-10,47.2833333,-120.3666667,841,20B07S,Upper Wheeler,4330,11.0,9.7,113.0,19.3,15.2,127.0,0,0,0,1,0,0,0,0,0,0,0,0,0,0,0,0,0,0,0,0,0,0,0,0
200,2006-02-10,47.35,-120.6833333,352,20B02S,Blewett Pass,4240,16.2,12.9,126.0,27.3,22.1,124.0,0,0,0,1,0,0,0,0,0,0,0,0,0,0,0,0,0,0,0,0,0,0,0,0
201,2006-02-10,48.2,-120.9166667,606,20A23S,Lyman Lake,5980,50.1,43.0,117.0,51.9,46.7,111.0,0,0,0,1,0,0,0,0,0,0,0,0,0,0,0,0,0,0,0,0,0,0,0,0
202,2006-02-10,42.0166667,-115.0,871,15G02S,Wilson Creek,7120,16.9,9.9,171.0,17.5,11.6,151.0,0,0,0,1,0,0,0,0,0,0,0,0,0,0,0,0,0,0,0,0,0,0,0,0
203,2006-02-10,48.45,-120.9166667,681,20A12S,Park Creek Ridge,4600,43.9,33.0,133.0,46.6,43.4,107.0,0,0,0,1,0,0,0,0,0,0,0,0,0,0,0,0,0,0,0,0,0,0,0,0
204,2006-02-10,47.9833333,-120.5666667,699,20B24S,Pope Ridge,3590,20.6,14.5,142.0,25.1,22.3,113.0,0,0,0,1,0,0,0,0,0,0,0,0,0,0,0,0,0,0,0,0,0,0,0,0
205,2006-02-10,47.75,-121.1,791,21B01S,Stevens Pass,3950,38.2,29.6,129.0,53.4,55.1,97.0,0,0,0,1,0,0,0,0,0,0,0,0,0,0,0,0,0,0,0,0,0,0,0,0
206,2006-02-10,47.2333333,-120.3,832,20B25S,Trough,5480,12.5,8.1,154.0,22.3,15.2,147.0,0,0,0,1,0,0,0,0,0,0,0,0,0,0,0,0,0,0,0,0,0,0,0,0
207,2006-02-10,47.2833333,-120.3666667,841,20B07S,Upper Wheeler,4330,13.2,9.7,136.0,20.9,15.2,138.0,0,0,0,1,0,0,0,0,0,0,0,0,0,0,0,0,0,0,0,0,0,0,0,0
208,2005-02-10,47.35,-120.6833333,352,20B02S,Blewett Pass,4240,1.3,12.9,10.0,12.8,22.1,58.0,0,0,0,1,0,0,0,0,0,0,0,0,0,0,0,0,0,0,0,0,0,0,0,0
209,2005-02-10,48.2,-120.9166667,606,20A23S,Lyman Lake,5980,23.5,43.0,55.0,31.8,46.7,68.0,0,0,0,1,0,0,0,0,0,0,0,0,0,0,0,0,0,0,0,0,0,0,0,0
210,2005-02-10,42.0166667,-115.0,871,15G02S,Wilson Creek,7120,7.6,9.9,77.0,8.4,11.6,72.0,0,0,0,1,0,0,0,0,0,0,0,0,0,0,0,0,0,0,0,0,0,0,0,0
211,2005-02-10,48.45,-120.9166667,681,20A12S,Park Creek Ridge,4600,13.2,33.0,40.0,31.8,43.4,73.0,0,0,0,1,0,0,0,0,0,0,0,0,0,0,0,0,0,0,0,0,0,0,0,0
212,2005-02-10,47.9833333,-120.5666667,699,20B24S,Pope Ridge,3590,7.5,14.5,52.0,14.8,22.3,66.0,0,0,0,1,0,0,0,0,0,0,0,0,0,0,0,0,0,0,0,0,0,0,0,0
213,2005-02-10,47.75,-121.1,791,21B01S,Stevens Pass,3950,8.6,29.6,29.0,45.1,55.1,82.0,0,0,0,1,0,0,0,0,0,0,0,0,0,0,0,0,0,0,0,0,0,0,0,0
214,2005-02-10,47.2333333,-120.3,832,20B25S,Trough,5480,0.5,8.1,6.0,10.0,15.2,66.0,0,0,0,1,0,0,0,0,0,0,0,0,0,0,0,0,0,0,0,0,0,0,0,0
215,2005-02-10,47.2833333,-120.3666667,841,20B07S,Upper Wheeler,4330,4.1,9.7,42.0,9.3,15.2,61.0,0,0,0,1,0,0,0,0,0,0,0,0,0,0,0,0,0,0,0,0,0,0,0,0
216,2004-02-10,47.35,-120.6833333,352,20B02S,Blewett Pass,4240,9.6,12.9,74.0,20.9,22.1,95.0,0,0,0,1,0,0,0,0,0,0,0,0,0,0,0,0,0,0,0,0,0,0,0,0
217,2004-02-10,48.2,-120.9166667,606,20A23S,Lyman Lake,5980,27.2,43.0,63.0,39.8,46.7,85.0,0,0,0,1,0,0,0,0,0,0,0,0,0,0,0,0,0,0,0,0,0,0,0,0
218,2004-02-10,42.0166667,-115.0,871,15G02S,Wilson Creek,7120,13.9,9.9,140.0,13.3,11.6,115.0,0,0,0,1,0,0,0,0,0,0,0,0,0,0,0,0,0,0,0,0,0,0,0,0
219,2004-02-10,48.45,-120.9166667,681,20A12S,Park Creek Ridge,4600,30.3,33.0,92.0,52.5,43.4,121.0,0,0,0,1,0,0,0,0,0,0,0,0,0,0,0,0,0,0,0,0,0,0,0,0
220,2004-02-10,47.9833333,-120.5666667,699,20B24S,Pope Ridge,3590,11.8,14.5,81.0,22.3,22.3,100.0,0,0,0,1,0,0,0,0,0,0,0,0,0,0,0,0,0,0,0,0,0,0,0,0
221,2004-02-10,47.75,-121.1,791,21B01S,Stevens Pass,3950,29.0,29.6,98.0,58.6,55.1,106.0,0,0,0,1,0,0,0,0,0,0,0,0,0,0,0,0,0,0,0,0,0,0,0,0
222,2004-02-10,47.2333333,-120.3,832,20B25S,Trough,5480,8.5,8.1,105.0,14.1,15.2,93.0,0,0,0,1,0,0,0,0,0,0,0,0,0,0,0,0,0,0,0,0,0,0,0,0
223,2004-02-10,47.2833333,-120.3666667,841,20B07S,Upper Wheeler,4330,10.6,9.7,109.0,15.1,15.2,99.0,0,0,0,1,0,0,0,0,0,0,0,0,0,0,0,0,0,0,0,0,0,0,0,0
224,2003-02-10,47.35,-120.6833333,352,20B02S,Blewett Pass,4240,9.5,12.9,74.0,18.5,22.1,84.0,0,0,0,1,0,0,0,0,0,0,0,0,0,0,0,0,0,0,0,0,0,0,0,0
225,2003-02-10,48.2,-120.9166667,606,20A23S,Lyman Lake,5980,36.9,43.0,86.0,38.6,46.7,83.0,0,0,0,1,0,0,0,0,0,0,0,0,0,0,0,0,0,0,0,0,0,0,0,0
226,2003-02-10,42.0166667,-115.0,871,15G02S,Wilson Creek,7120,6.0,9.9,61.0,7.2,11.6,62.0,0,0,0,1,0,0,0,0,0,0,0,0,0,0,0,0,0,0,0,0,0,0,0,0
227,2003-02-10,48.45,-120.9166667,681,20A12S,Park Creek Ridge,4600,27.3,33.0,83.0,33.3,43.4,77.0,0,0,0,1,0,0,0,0,0,0,0,0,0,0,0,0,0,0,0,0,0,0,0,0
228,2003-02-10,47.9833333,-120.5666667,699,20B24S,Pope Ridge,3590,14.3,14.5,99.0,18.4,22.3,83.0,0,0,0,1,0,0,0,0,0,0,0,0,0,0,0,0,0,0,0,0,0,0,0,0
229,2003-02-10,47.75,-121.1,791,21B01S,Stevens Pass,3950,18.1,29.6,61.0,37.2,55.1,68.0,0,0,0,1,0,0,0,0,0,0,0,0,0,0,0,0,0,0,0,0,0,0,0,0
230,2003-02-10,47.2333333,-120.3,832,20B25S,Trough,5480,11.7,8.1,144.0,18.5,15.2,122.0,0,0,0,1,0,0,0,0,0,0,0,0,0,0,0,0,0,0,0,0,0,0,0,0
231,2003-02-10,47.2833333,-120.3666667,841,20B07S,Upper Wheeler,4330,10.5,9.7,108.0,18.0,15.2,118.0,0,0,0,1,0,0,0,0,0,0,0,0,0,0,0,0,0,0,0,0,0,0,0,0
232,2002-02-10,47.35,-120.6833333,352,20B02S,Blewett Pass,4240,11.1,12.9,86.0,24.8,22.1,112.0,0,0,0,1,0,0,0,0,0,0,0,0,0,0,0,0,0,0,0,0,0,0,0,0
233,2002-02-10,48.2,-120.9166667,606,20A23S,Lyman Lake,5980,52.8,43.0,123.0,56.3,46.7,121.0,0,0,0,1,0,0,0,0,0,0,0,0,0,0,0,0,0,0,0,0,0,0,0,0
234,2002-02-10,42.0166667,-115.0,871,15G02S,Wilson Creek,7120,12.0,9.9,121.0,12.0,11.6,103.0,0,0,0,1,0,0,0,0,0,0,0,0,0,0,0,0,0,0,0,0,0,0,0,0
235,2002-02-10,48.45,-120.9166667,681,20A12S,Park Creek Ridge,4600,45.6,33.0,138.0,51.7,43.4,119.0,0,0,0,1,0,0,0,0,0,0,0,0,0,0,0,0,0,0,0,0,0,0,0,0
236,2002-02-10,47.9833333,-120.5666667,699,20B24S,Pope Ridge,3590,13.3,14.5,92.0,20.3,22.3,91.0,0,0,0,1,0,0,0,0,0,0,0,0,0,0,0,0,0,0,0,0,0,0,0,0
237,2002-02-10,47.75,-121.1,791,21B01S,Stevens Pass,3950,32.9,29.6,111.0,64.9,55.1,118.0,0,0,0,1,0,0,0,0,0,0,0,0,0,0,0,0,0,0,0,0,0,0,0,0
238,2002-02-10,47.2333333,-120.3,832,20B25S,Trough,5480,8.2,8.1,101.0,16.9,15.2,111.0,0,0,0,1,0,0,0,0,0,0,0,0,0,0,0,0,0,0,0,0,0,0,0,0
239,2002-02-10,47.2833333,-120.3666667,841,20B07S,Upper Wheeler,4330,8.3,9.7,86.0,16.9,15.2,111.0,0,0,0,1,0,0,0,0,0,0,0,0,0,0,0,0,0,0,0,0,0,0,0,0
240,2001-02-10,47.35,-120.6833333,352,20B02S,Blewett Pass,4240,7.8,12.9,60.0,11.0,22.1,50.0,0,0,0,1,0,0,0,0,0,0,0,0,0,0,0,0,0,0,0,0,0,0,0,0
241,2001-02-10,48.2,-120.9166667,606,20A23S,Lyman Lake,5980,23.6,43.0,55.0,26.5,46.7,57.0,0,0,0,1,0,0,0,0,0,0,0,0,0,0,0,0,0,0,0,0,0,0,0,0
242,2001-02-10,42.0166667,-115.0,871,15G02S,Wilson Creek,7120,8.4,9.9,85.0,9.6,11.6,83.0,0,0,0,1,0,0,0,0,0,0,0,0,0,0,0,0,0,0,0,0,0,0,0,0
243,2001-02-10,48.45,-120.9166667,681,20A12S,Park Creek Ridge,4600,20.7,33.0,63.0,21.7,43.4,50.0,0,0,0,1,0,0,0,0,0,0,0,0,0,0,0,0,0,0,0,0,0,0,0,0
244,2001-02-10,47.9833333,-120.5666667,699,20B24S,Pope Ridge,3590,9.1,14.5,63.0,11.5,22.3,52.0,0,0,0,1,0,0,0,0,0,0,0,0,0,0,0,0,0,0,0,0,0,0,0,0
245,2001-02-10,47.75,-121.1,791,21B01S,Stevens Pass,3950,17.4,29.6,59.0,22.4,55.1,41.0,0,0,0,1,0,0,0,0,0,0,0,0,0,0,0,0,0,0,0,0,0,0,0,0
246,2001-02-10,47.2333333,-120.3,832,20B25S,Trough,5480,5.2,8.1,64.0,7.5,15.2,49.0,0,0,0,1,0,0,0,0,0,0,0,0,0,0,0,0,0,0,0,0,0,0,0,0
247,2001-02-10,47.2833333,-120.3666667,841,20B07S,Upper Wheeler,4330,7.5,9.7,77.0,7.7,15.2,51.0,0,0,0,1,0,0,0,0,0,0,0,0,0,0,0,0,0,0,0,0,0,0,0,0
248,2010-02-10,47.35,-120.6833333,352,20B02S,Blewett Pass,4240,11.1,12.9,86.0,16.2,22.1,73.0,0,0,0,1,0,0,0,0,0,0,0,0,0,0,0,0,0,0,0,0,0,0,0,0
249,2010-02-10,48.2,-120.9166667,606,20A23S,Lyman Lake,5980,35.8,43.0,83.0,43.2,46.7,93.0,0,0,0,1,0,0,0,0,0,0,0,0,0,0,0,0,0,0,0,0,0,0,0,0
250,2010-02-10,42.0166667,-115.0,871,15G02S,Wilson Creek,7120,9.9,9.9,100.0,11.2,11.6,97.0,0,0,0,1,0,0,0,0,0,0,0,0,0,0,0,0,0,0,0,0,0,0,0,0
251,2010-02-10,48.45,-120.9166667,681,20A12S,Park Creek Ridge,4600,32.1,33.0,97.0,40.4,43.4,93.0,0,0,0,1,0,0,0,0,0,0,0,0,0,0,0,0,0,0,0,0,0,0,0,0
252,2010-02-10,47.9833333,-120.5666667,699,20B24S,Pope Ridge,3590,12.9,14.5,89.0,19.8,22.3,89.0,0,0,0,1,0,0,0,0,0,0,0,0,0,0,0,0,0,0,0,0,0,0,0,0
253,2010-02-10,47.75,-121.1,791,21B01S,Stevens Pass,3950,21.5,29.6,73.0,42.9,55.1,78.0,0,0,0,1,0,0,0,0,0,0,0,0,0,0,0,0,0,0,0,0,0,0,0,0
254,2010-02-10,47.2333333,-120.3,832,20B25S,Trough,5480,10.7,8.1,132.0,13.8,15.2,91.0,0,0,0,1,0,0,0,0,0,0,0,0,0,0,0,0,0,0,0,0,0,0,0,0
255,2010-02-10,47.2833333,-120.3666667,841,20B07S,Upper Wheeler,4330,8.4,9.7,87.0,12.4,15.2,82.0,0,0,0,1,0,0,0,0,0,0,0,0,0,0,0,0,0,0,0,0,0,0,0,0
